{"cameraMode":{"drawMode":0,"name":"Shaded","section":"Shading Mode"},"sceneLighting":true,"audioPlay":false,"sceneViewState":{"m_AlwaysRefresh":true,"showFog":true,"showSkybox":true,"showFlares":true,"showImageEffects":true,"showParticleSystems":true,"showVisualEffectGraphs":true,"m_FxEnabled":true},"in2DMode":false,"pivot":{"x":-13.029708862304688,"y":10.425949096679688,"z":56.34274673461914},"rotation":{"x":-0.41634517908096316,"y":-0.5723943114280701,"z":0.41894418001174929,"w":-0.5688825249671936},"size":18.116397857666017,"orthographic":false}