{"cameraMode":{"drawMode":0,"name":"Shaded","section":"Shading Mode"},"sceneLighting":true,"audioPlay":false,"sceneViewState":{"showFog":true,"showMaterialUpdate":true,"showSkybox":true,"showFlares":true,"showImageEffects":true,"showParticleSystems":true},"in2DMode":false,"pivot":{"x":-1.1228065490722657,"y":-1.3432326316833497,"z":1.306778907775879},"rotation":{"x":-0.06145903095602989,"y":0.9282792806625366,"z":-0.1778619885444641,"w":-0.3207607567310333},"size":10.0,"orthographic":false}