{"cameraMode":{"drawMode":0,"name":"Shaded","section":"Shading Mode"},"sceneLighting":true,"audioPlay":false,"sceneViewState":{"m_AlwaysRefresh":false,"showFog":true,"showSkybox":true,"showFlares":true,"showImageEffects":true,"showParticleSystems":true,"showVisualEffectGraphs":true,"m_FxEnabled":true},"in2DMode":false,"pivot":{"x":-2.2041983604431154,"y":3.5265045166015627,"z":44.290061950683597},"rotation":{"x":-0.008979829959571362,"y":0.7915582656860352,"z":-0.6109274625778198,"w":-0.01163714099675417},"size":6.43238639831543,"orthographic":false}